Location_Name,Population,People_Tested,People_Tested_Rate,All_Test_Results,All_Test_Results_Rate,Positives,Positive_Rate,Confirmed_Cases,Confirmed_Case_Rate,Probable_Cases,Probable_Case_Rate,Hospitalizations,Hospitalization_Rate,Deaths,Death_Rate
53033000100,8156.852,5669,69499.85,15406,188871.88,1047,12835.83,1000,12259.63,47,576.2,37,453.61,5,61.3
53033000200,8511.072,6015,70672.65,15995,187931.67,965,11338.17,927,10891.69,38,446.48,38,446.48,5,58.75
53033000300,2861.162,2569,89788.69,8008,279886.28,395,13805.58,368,12861.91,27,943.67,11,384.46,4,139.8
53033000401,6613.086001,4724,71434.12,12535,189548.42,855,12928.91,820,12399.66,35,529.25,36,544.38,7,105.85
53033000402,5375.182003,3907,72685.91,11398,212048.63,605,11255.43,578,10753.12,27,502.31,22,409.29,9,167.44
53033000500,3366.652001,2615,77673.61,7337,217931.64,326,9683.21,314,9326.77,12,356.44,8,237.62,2,59.41
53033000600,8174.236,7857,96119.07,19654,240438.37,1126,13774.99,1085,13273.41,41,501.58,37,452.64,9,110.1
53033000700,5509.813999,3717,67461.44,9972,180986.15,610,11071.15,593,10762.61,17,308.54,20,362.99,4,72.6
53033000800,2721.801,2038,74876.89,5644,207362.7,269,9883.16,260,9552.5,9,330.66,8,293.92,12,440.88
53033000900,2192.916,1700,77522.35,4920,224358.8,224,10214.71,210,9576.29,14,638.42,9,410.41,2,91.2
53033001000,2059.974,1492,72428.1,4103,199177.27,220,10679.75,211,10242.85,9,436.9,10,485.44,2,97.09
53033001100,2701.379,1963,72666.59,5541,205117.46,271,10031.91,257,9513.66,14,518.25,7,259.13,1,37.02
53033001200,7919.137,5722,72255.35,16998,214644.6,1029,12993.84,980,12375.09,49,618.75,28,353.57,9,113.65
53033001300,5185.529999,3629,69983.2,10593,204279.99,672,12959.14,647,12477.03,25,482.11,41,790.66,11,212.13
53033001400,5349.586001,3927,73407.55,10748,200912.74,602,11253.21,563,10524.18,39,729.03,15,280.4,1,18.69
53033001500,2647.814,2252,85051.29,6048,228414.84,380,14351.46,360,13596.12,20,755.34,5,188.84,2,75.53
53033001600,4665.725001,3554,76172.51,10329,221380.39,483,10352.09,449,9623.37,34,728.72,18,385.79,7,150.03
53033001701,4228.272,3113,73623.46,9082,214792.24,462,10926.45,449,10619,13,307.45,11,260.15,2,47.3
53033001702,5337.871,4277,80125.58,13087,245172.65,663,12420.68,630,11802.46,33,618.22,35,655.69,10,187.34
53033001800,5234.454999,3976,75958.24,11980,228868.14,682,13029.05,664,12685.18,18,343.88,12,229.25,2,38.21
53033001900,4466.529,3761,84204.09,10587,237029.69,507,11351.1,491,10992.88,16,358.22,16,358.22,5,111.94
53033002000,3784.342,2965,78349.16,8421,222522.17,400,10569.87,385,10173.5,15,396.37,4,105.7,0,0
53033002100,4076.407,3230,79236.45,9445,231699.14,413,10131.47,397,9738.97,16,392.5,7,171.72,6,147.19
53033002200,5839.227002,4562,78126.78,12771,218710.46,506,8665.53,477,8168.89,29,496.64,4,68.5,3,51.38
53033002400,3147.112,2424,77023,7607,241713.67,242,7689.59,230,7308.29,12,381.3,4,127.1,0,0
53033002500,2992.421,2632,87955.54,7564,252771.92,275,9189.88,267,8922.54,8,267.34,2,66.84,1,33.42
53033002600,5611.114,4421,78790.06,12931,230453.35,575,10247.52,555,9891.08,20,356.44,13,231.68,1,17.82
53033002700,5798.817,4756,82016.73,14723,253896.61,711,12261.12,690,11898.98,21,362.14,11,189.69,2,34.49
53033002800,4875.854999,3893,79842.41,11996,246028.65,485,9946.97,465,9536.79,20,410.18,8,164.07,0,0
53033002900,4601.317,3861,83910.76,11771,255818.06,466,10127.54,450,9779.81,16,347.73,5,108.66,1,21.73
53033003000,6319.263,4891,77398.27,14199,224693.92,548,8671.9,529,8371.23,19,300.67,8,126.6,1,15.82
53033003100,6579.926001,5041,76611.8,14195,215731.91,583,8860.28,567,8617.12,16,243.16,6,91.19,2,30.4
53033003200,9409.693001,7496,79662.54,21275,226096.64,843,8958.85,804,8544.38,39,414.47,18,191.29,2,21.25
53033003300,7893.997999,6013,76171.8,18550,234988.66,700,8867.5,674,8538.13,26,329.36,12,152.01,1,12.67
53033003400,3600.815,2865,79565.32,8831,245250.03,347,9636.71,334,9275.68,13,361.03,6,166.63,0,0
53033003500,4346.638001,3419,78658.49,10758,247501.63,337,7753.12,325,7477.04,12,276.08,3,69.02,2,46.01
53033003600,8911.917999,6852,76885.81,21029,235964.92,1022,11467.79,987,11075.06,35,392.73,15,168.31,5,56.1
53033003800,2452.186,1951,79561.66,5743,234199.2,228,9297.83,219,8930.81,9,367.02,2,81.56,2,81.56
53033003900,2947.091,2409,81741.62,7421,251807.63,312,10586.71,300,10179.53,12,407.18,6,203.59,1,33.93
53033004000,3241.653,2579,79558.18,8222,253636.03,362,11167.14,350,10796.96,12,370.18,2,61.7,2,61.7
53033004100,8163.641001,7075,86664.76,23655,289760.41,934,11440.97,912,11171.49,22,269.49,4,49,1,12.25
53033004200,8167.373,6835,83686.64,22356,273723.26,796,9746.1,775,9488.98,21,257.12,11,134.68,2,24.49
53033004301,4063.265,3296,81117.03,11289,277830.76,357,8786.04,352,8662.98,5,123.05,4,98.44,2,49.22
53033004302,4344.485998,3111,71608.01,16918,389413.16,678,15605.99,670,15421.85,8,184.14,8,184.14,0,0
53033004400,7744.548998,6322,81631.61,27012,348787.26,1107,14293.92,1082,13971.12,25,322.81,7,90.39,1,12.91
53033004500,2894.646999,2520,87057.25,8827,304942.19,340,11745.82,334,11538.54,6,207.28,3,103.64,0,0
53033004600,3496.301,2985,85375.94,9701,277464.67,374,10697.02,360,10296.6,14,400.42,2,57.2,1,28.6
53033004700,11929.526,9661,80983.94,27173,227779.38,1240,10394.38,1182,9908.19,58,486.19,35,293.39,7,58.68
53033004800,5197.194,4028,77503.36,12368,237974.57,468,9004.86,449,8639.28,19,365.58,4,76.96,1,19.24
53033004900,7222.682999,5713,79098.03,18199,251970.08,754,10439.33,730,10107.05,24,332.29,8,110.76,6,83.07
53033005000,4646.041999,3574,76925.69,11996,258198.27,519,11170.8,504,10847.94,15,322.86,3,64.57,3,64.57
53033005100,3949.388,3445,87228.7,10956,277410.07,325,8229.12,322,8153.16,3,75.96,2,50.64,1,25.32
53033005200,8006.996996,5512,68839.79,18803,234832.11,767,9579.12,754,9416.76,13,162.36,4,49.96,1,12.49
53033005301,10656.38399,6758,63417.38,32815,307937.48,1425,13372.27,1405,13184.58,20,187.68,7,65.69,0,0
53033005302,8332.048993,8307,99699.37,28270,339292.29,526,6312.97,525,6300.97,1,12,0,0,0,0
53033005400,7629.712999,5949,77971.48,18866,247270.11,719,9423.68,689,9030.48,30,393.2,7,91.75,0,0
53033005600,6895.661001,5665,82153.11,16138,234031.23,683,9904.78,662,9600.24,21,304.54,9,130.52,0,0
53033005700,6548.968001,4984,76103.59,13759,210094.17,578,8825.82,562,8581.5,16,244.31,11,167.97,3,45.81
53033005801,5643.282,5239,92836.05,14845,263056.14,710,12581.33,683,12102.89,27,478.44,11,194.92,1,17.72
53033005802,6638.399999,4692,70679.68,13361,201268.38,667,10047.6,624,9399.86,43,647.75,10,150.64,1,15.06
53033005900,7284.636998,5231,71808.66,16082,220765.98,631,8662.07,607,8332.6,24,329.46,2,27.46,2,27.46
53033006000,6111.3,4994,81717.47,16819,275211.49,696,11388.74,666,10897.84,30,490.89,34,556.35,19,310.9
53033006100,5776.743,4667,80789.47,16028,277457.38,678,11736.72,633,10957.73,45,778.99,10,173.11,2,34.62
53033006200,4173.699,3651,87476.36,11872,284447.92,526,12602.73,510,12219.38,16,383.35,7,167.72,1,23.96
53033006300,5409.381002,4682,86553.34,18250,337376.86,587,10851.52,572,10574.22,15,277.3,9,166.38,1,18.49
53033006400,3427.703,3016,87988.95,10135,295679.06,333,9714.96,317,9248.18,16,466.78,4,116.7,1,29.17
53033006500,4888.773999,3964,81083.72,12253,250635.44,493,10084.33,471,9634.32,22,450.01,4,81.82,0,0
53033006600,4944.932999,3703,74884.74,11357,229669.44,569,11506.73,545,11021.38,24,485.35,3,60.67,0,0
53033006700,11024.138,10003,90737.25,26059,236381.29,1168,10594.93,1129,10241.16,39,353.77,15,136.07,3,27.21
53033006800,3531.435,2735,77447.27,7840,222006.07,308,8721.67,293,8296.91,15,424.76,8,226.54,1,28.32
53033006900,4624.682,3693,79854.14,10759,232643.02,437,9449.3,423,9146.57,14,302.72,5,108.12,1,21.62
53033007000,8502.311,5865,68981.25,18062,212436.36,840,9879.67,812,9550.34,28,329.32,7,82.33,2,23.52
53033007100,6652.546998,4901,73671.03,13020,195714.51,759,11409.16,718,10792.86,41,616.31,12,180.38,0,0
53033007200,13690.477,9871,72101.21,23765,173587.82,1256,9174.26,1178,8604.52,78,569.74,30,219.13,2,14.61
53033007300,15175.463,10560,69586.02,26786,176508.62,1440,9489,1376,9067.27,64,421.73,50,329.48,8,52.72
53033007401,5730.400999,4157,72542.92,13784,240541.63,615,10732.23,599,10453.02,16,279.21,5,87.25,0,0
53033007402,6021.399998,3934,65333.64,12311,204454.11,642,10661.97,609,10113.93,33,548.05,10,166.07,4,66.43
53033007500,11650.559,8487,72846.29,26152,224469.92,1390,11930.76,1348,11570.26,42,360.5,13,111.58,2,17.17
53033007600,4516.17,3649,80798.55,12219,270561.12,480,10628.48,469,10384.91,11,243.57,9,199.28,1,22.14
53033007700,5397.038,4621,85621.04,15239,282358.58,614,11376.61,597,11061.62,17,314.99,7,129.7,2,37.06
53033007800,5532.616001,4885,88294.58,15109,273089.62,491,8874.64,463,8368.55,28,506.09,9,162.67,4,72.3
53033007900,6919.156,5538,80038.66,18623,269151.32,765,11056.26,746,10781.66,19,274.6,18,260.15,5,72.26
53033008001,7720.837,5767,74693.97,15249,197504.49,825,10685.37,798,10335.67,27,349.7,29,375.61,3,38.86
53033008002,4478.433,3535,78933.86,10056,224542.83,464,10360.77,447,9981.17,17,379.6,18,401.93,3,66.99
53033008100,6662.784001,18562,278592.25,50840,763044.4,975,14633.52,933,14003.16,42,630.37,61,915.53,15,225.13
53033008200,5006.721001,4621,92295.94,10792,215550.26,591,11804.13,581,11604.4,10,199.73,19,379.49,11,219.7
53033008300,3229.559,2810,87008.78,8489,262853.23,402,12447.52,389,12044.99,13,402.53,11,340.6,2,61.93
53033008400,7670.679999,5343,69654.84,21910,285633.09,846,11029.01,805,10494.51,41,534.5,14,182.51,1,13.04
53033008500,6198.124999,3683,59421.2,13879,223922.56,889,14343.05,799,12891,90,1452.05,40,645.36,13,209.74
53033008600,7883.883997,6050,76738.83,30729,389769.81,932,11821.58,906,11491.8,26,329.79,24,304.42,3,38.05
53033008700,4692.401999,3915,83432.75,15919,339250.56,627,13362.03,612,13042.36,15,319.67,18,383.6,3,63.93
53033008800,3944.234,3308,83869.26,11634,294962.22,420,10648.46,400,10141.39,20,507.07,10,253.53,1,25.35
53033008900,6537.593,4815,73650.96,15509,237227.98,882,13491.2,818,12512.25,64,978.95,22,336.52,7,107.07
53033009000,4540.436,3677,80983.41,11370,250416.48,730,16077.75,690,15196.78,40,880.97,31,682.75,5,110.12
53033009100,3628.237,1728,47626.44,5234,144257.39,293,8075.55,290,7992.86,3,82.68,16,440.99,5,137.81
53033009200,3687.663,3676,99683.73,12733,345286.43,722,19578.8,705,19117.8,17,461,85,2304.98,12,325.41
53033009300,3536.222,7290,206152.22,15373,434729.49,480,13573.81,431,12188.15,49,1385.66,18,509.02,0,0
53033009400,6785.507,5098,75130.72,16252,239510.47,943,13897.27,923,13602.52,20,294.75,37,545.28,5,73.69
53033009500,6964.798,5495,78896.76,17150,246238.3,876,12577.54,842,12089.37,34,488.17,24,344.59,4,57.43
53033009600,5800.327002,4373,75392.3,12257,211315.67,688,11861.4,650,11206.26,38,655.14,15,258.61,7,120.68
53033009701,5928.185001,4372,73749.39,11832,199588.91,674,11369.42,642,10829.62,32,539.79,15,253.03,2,33.74
53033009702,5694.571001,4781,83957.16,13862,243424.83,680,11941.2,655,11502.18,25,439.01,13,228.29,4,70.24
53033009800,7270.958,5650,77706.4,16218,223051.76,814,11195.22,785,10796.38,29,398.85,15,206.3,3,41.26
53033009900,6429.282999,4760,74036.25,12980,201888.76,763,11867.58,731,11369.85,32,497.72,10,155.54,0,0
53033010001,4670.267,3493,74792.3,9975,213585.22,754,16144.69,732,15673.62,22,471.07,21,449.65,1,21.41
53033010002,4908.672999,3618,73706.27,11763,239637.07,681,13873.4,658,13404.84,23,468.56,21,427.81,3,61.12
53033010100,8462.232,6659,78690.82,21001,248173.3,1278,15102.4,1242,14676.98,36,425.42,90,1063.55,41,484.51
53033010200,5146.356,4210,81805.46,12892,250507.35,561,10900.92,541,10512.29,20,388.62,10,194.31,3,58.29
53033010300,7675.864,6135,79925.86,23101,300956.35,1174,15294.7,1136,14799.64,38,495.06,38,495.06,15,195.42
53033010401,4780.868,3082,64465.28,9295,194420.76,683,14286.11,664,13888.69,19,397.42,18,376.5,4,83.67
53033010402,5136.111,3681,71669.01,10656,207472.15,798,15537.05,770,14991.89,28,545.16,20,389.4,4,77.88
53033010500,10116.307,7436,73505.08,21376,211302.41,1261,12465.02,1185,11713.76,76,751.26,19,187.82,19,187.82
53033010600,7964.898001,6249,78456.75,17512,219864.71,999,12542.53,958,12027.77,41,514.76,12,150.66,2,25.11
53033010701,3987.984,2907,72893.97,7976,200000.8,675,16925.85,645,16173.59,30,752.26,17,426.28,3,75.23
53033010702,4365.44,3318,76006.08,8321,190610.8,801,18348.67,767,17569.82,34,778.84,41,939.2,9,206.16
53033010800,5067.852,3676,72535.66,10072,198742.98,794,15667.39,771,15213.55,23,453.84,16,315.72,1,19.73
53033010900,1601.405,1606,100286.94,6755,421817.09,249,15548.85,239,14924.39,10,624.45,17,1061.57,1,62.45
53033011001,4819.509,3311,68699.94,10145,210498.62,814,16889.69,791,16412.46,23,477.23,45,933.71,5,103.75
53033011002,4703.695999,3094,65778.06,8446,179560.92,845,17964.6,829,17624.44,16,340.16,24,510.24,5,106.3
53033011101,6534.103,4169,63803.71,11871,181677.58,1024,15671.62,1002,15334.93,22,336.7,51,780.52,11,168.35
53033011102,4870.549,3734,76664.87,25759,528872.62,733,15049.64,717,14721.13,16,328.51,34,698.07,23,472.23
53033011200,4214.063,2643,62718.57,6674,158374.47,797,18912.86,733,17394.14,64,1518.72,29,688.17,5,118.65
53033011300,6420.717,4593,71534.07,12285,191333.77,1171,18237.84,1127,17552.56,44,685.28,41,638.56,14,218.04
53033011401,4389.722,4931,112330.58,11057,251883.83,791,18019.36,769,17518.19,22,501.17,22,501.17,3,68.34
53033011402,4642.962,3261,70235.34,8819,189943.4,848,18264.2,808,17402.68,40,861.52,33,710.75,5,107.69
53033011500,4473.837001,3493,78076.16,10563,236106.05,541,12092.53,528,11801.95,13,290.58,9,201.17,1,22.35
53033011600,6925.436001,5414,78175.58,16208,234035.81,828,11955.93,807,11652.7,21,303.23,13,187.71,6,86.64
53033011700,5733.035,4010,69945.5,11231,195899.73,1056,18419.56,1029,17948.61,27,470.95,42,732.6,9,156.98
53033011800,8056.546999,7076,87829.19,17968,223023.59,1436,17824.01,1401,17389.58,35,434.43,73,906.1,12,148.95
53033011900,7601.028,5635,74134.71,15187,199801.92,1429,18800.09,1367,17984.41,62,815.68,63,828.84,9,118.41
53033012000,3585.016,2665,74337.19,7649,213360.28,500,13946.94,479,13361.17,21,585.77,11,306.83,3,83.68
53033012100,2859.478001,2237,78231.06,5972,208849.31,377,13184.22,370,12939.42,7,244.8,10,349.71,1,34.97
53033020100,3264.695001,2605,79793.06,6417,196557.41,386,11823.46,364,11149.59,22,673.88,31,949.55,20,612.61
53033020200,5779.181002,4017,69508.12,9094,157357.94,646,11178.05,609,10537.83,37,640.23,34,588.32,24,415.28
53033020300,7340.3,4817,65624.02,11376,154980.04,1034,14086.62,980,13350.95,54,735.66,46,626.68,14,190.73
53033020401,3673.065,2660,72419.08,6394,174078.05,561,15273.35,524,14266.01,37,1007.33,9,245.03,6,163.35
53033020402,5642.078001,3711,65773.64,8632,152993.28,642,11378.79,606,10740.72,36,638.06,24,425.38,3,53.17
53033020500,7108.385001,5440,76529.34,13696,192673.86,1053,14813.49,999,14053.83,54,759.67,29,407.97,11,154.75
53033020600,3745.862,2705,72213.02,6899,184176.57,513,13695.11,486,12974.32,27,720.8,19,507.23,3,80.09
53033020700,4225.673,3326,78709.36,8261,195495.49,589,13938.61,572,13536.31,17,402.3,17,402.3,2,47.33
53033020800,4463.195002,3451,77321.29,8216,184083.38,516,11561.22,493,11045.9,23,515.33,7,156.84,3,67.22
53033020900,3637.854,2928,80487.01,7081,194647.72,457,12562.35,432,11875.13,25,687.22,11,302.38,2,54.98
53033021000,5739.102,4706,81998.89,11630,202644.94,787,13712.95,758,13207.64,29,505.31,32,557.58,11,191.67
53033021100,4288.977,3423,79809.24,11729,273468.48,778,18139.52,757,17649.9,21,489.63,30,699.47,19,443
53033021300,3969.359,2720,68524.92,6741,169825.91,488,12294.18,427,10757.4,61,1536.77,21,529.05,5,125.96
53033021400,3805.954001,2804,73674.04,6907,181478.81,377,9905.53,355,9327.49,22,578.04,7,183.92,2,52.55
53033021500,4518.553001,3421,75710.08,8062,178419.95,460,10180.25,423,9361.4,37,818.85,9,199.18,5,110.65
53033021600,5399.645,3520,65189.47,7975,147694.89,618,11445.2,584,10815.53,34,629.67,21,388.91,4,74.08
53033021700,8962.848999,6037,67355.82,12822,143057.19,1250,13946.46,1127,12574.13,123,1372.33,37,412.82,9,100.41
53033021802,6016.531999,3952,65685.68,8791,146114.07,792,13163.73,731,12149.86,61,1013.87,13,216.07,3,49.86
53033021803,6423.669,4185,65149.68,8607,133988.85,707,11006.17,652,10149.96,55,856.21,17,264.65,5,77.84
53033021804,6643.645001,3842,57829.7,8174,123034.87,811,12207.15,739,11123.41,72,1083.74,22,331.14,5,75.26
53033021903,6816.341001,3980,58389.1,8226,120680.58,796,11677.82,738,10826.92,58,850.9,24,352.1,5,73.35
53033021904,5977.091,3404,56950.78,6875,115022.51,654,10941.78,607,10155.44,47,786.34,24,401.53,2,33.46
53033021905,5488.905,3208,58445.17,6894,125598.82,607,11058.67,558,10165.96,49,892.71,25,455.46,5,91.09
53033021906,4488.052,2918,65017.07,5926,132039.47,537,11965.1,482,10739.63,55,1225.48,13,289.66,3,66.84
53033022001,5408.441001,3434,63493.34,7603,140576.55,620,11463.56,571,10557.57,49,905.99,26,480.73,6,110.94
53033022003,5380.353,3070,57059.45,6214,115494.28,615,11430.48,573,10649.86,42,780.62,21,390.31,2,37.17
53033022005,5217.71,3184,61022.94,6516,124882.37,620,11882.61,581,11135.15,39,747.45,16,306.65,5,95.83
53033022006,3915.599,2594,66247.85,5681,145086.36,550,14046.38,478,12207.58,72,1838.8,70,1787.72,42,1072.63
53033022101,5106.101001,3333,65274.85,7089,138833.92,521,10203.48,477,9341.77,44,861.71,17,332.94,3,58.75
53033022102,6765.453,4362,64474.62,9169,135526.77,771,11396.13,719,10627.52,52,768.61,20,295.62,3,44.34
53033022201,4568.369001,2705,59211.5,5432,118904.58,469,10266.25,432,9456.33,37,809.92,13,284.57,2,43.78
53033022202,7682.721,4726,61514.66,9568,124539.21,896,11662.53,823,10712.35,73,950.18,21,273.34,7,91.11
53033022203,5576.89,3449,61844.5,7239,129803.53,542,9718.68,495,8875.91,47,842.76,14,251.04,3,53.79
53033022300,3079.359,1965,63811.98,4021,130579.12,297,9644.86,255,8280.94,42,1363.92,3,97.42,3,97.42
53033022400,8604.282001,7221,83923.33,16193,188196.99,1003,11656.99,922,10715.59,81,941.39,15,174.33,4,46.49
53033022500,8314.902001,6570,79014.76,14967,180002.12,986,11858.23,905,10884.07,81,974.15,19,228.51,3,36.08
53033022603,6230.505,4179,67073.21,8730,140117.05,750,12037.55,702,11267.14,48,770.4,15,240.75,7,112.35
53033022604,4890.08,3622,74068.32,8269,169097.44,541,11063.21,473,9672.64,68,1390.57,11,224.95,5,102.25
53033022605,6042.386999,3616,59843.9,7927,131189.88,663,10972.48,607,10045.7,56,926.79,17,281.35,2,33.1
53033022606,5776.084,3702,64091.87,7829,135541.66,524,9071.89,482,8344.75,42,727.14,20,346.26,9,155.81
53033022701,3159.155,2279,72139.54,5477,173369.14,295,9337.94,260,8230.05,35,1107.89,9,284.89,0,0
53033022702,4146.854,2689,64844.34,6389,154068.6,452,10899.83,411,9911.13,41,988.7,6,144.69,0,0
53033022703,2508.951001,1881,74971.57,4054,161581.47,311,12395.62,284,11319.47,27,1076.15,12,478.29,0,0
53033022801,8723.988998,5258,60270.59,10593,121423.81,802,9193.04,755,8654.3,47,538.74,24,275.1,4,45.85
53033022802,5054.465,3219,63686.27,6415,126917.49,447,8843.67,429,8487.55,18,356.12,11,217.63,1,19.78
53033022803,8280.870999,4800,57964.92,9203,111135.65,636,7680.35,604,7293.92,32,386.43,15,181.14,7,84.53
53033022901,2950.833,1825,61846.94,4010,135893.83,314,10641.06,301,10200.51,13,440.55,7,237.22,3,101.67
53033022902,6756.52,4217,62413.79,9188,135987.16,636,9413.13,596,8821.11,40,592.02,14,207.21,7,103.6
53033023000,6704.141001,3684,54951.11,8260,123207.43,711,10605.39,662,9874.49,49,730.89,13,193.91,4,59.66
53033023100,4081.022001,2700,66159.9,6090,149227.33,447,10953.14,419,10267.04,28,686.1,16,392.06,2,49.01
53033023201,7301.726999,4271,58493.01,8331,114096.3,716,9805.9,692,9477.21,24,328.69,29,397.17,4,54.78
53033023202,5070.967001,2966,58489.83,6633,130803.45,650,12818.07,631,12443.39,19,374.68,43,847.96,12,236.64
53033023300,6661.375001,4569,68589.44,10089,151455.22,930,13961.08,904,13570.77,26,390.31,35,525.42,6,90.07
53033023401,4258.102,17006,399379.82,30631,719358.06,1175,27594.45,1157,27171.73,18,422.72,26,610.6,13,305.3
53033023403,4207.425001,2827,67190.74,6577,156318.89,401,9530.77,386,9174.26,15,356.51,7,166.37,2,47.54
53033023404,3524.806,2434,69053.45,5941,168548.28,415,11773.7,380,10780.74,35,992.96,4,113.48,1,28.37
53033023500,4227.6,3035,71790.14,6912,163497.02,429,10147.6,417,9863.75,12,283.85,7,165.58,2,47.31
53033023601,4255.689001,3596,84498.66,8434,198181.77,609,14310.26,594,13957.79,15,352.47,18,422.96,2,47
53033023603,6602.872999,3935,59595.27,8071,122234.67,675,10222.82,643,9738.19,32,484.64,13,196.88,0,0
53033023604,6634.393,4028,60713.92,8939,134737.27,785,11832.28,758,11425.31,27,406.97,22,331.61,2,30.15
53033023700,5017.052001,3234,64460.17,7273,144965.61,477,9507.58,441,8790.02,36,717.55,15,298.98,5,99.66
53033023801,3493.848,2580,73844.08,5555,158993.75,375,10733.15,348,9960.36,27,772.79,13,372.08,3,85.87
53033023803,6662.047,4486,67336.66,10059,150989.63,590,8856.14,539,8090.61,51,765.53,18,270.19,5,75.05
53033023804,6969.719,7191,103174.89,15200,218086.27,765,10976.05,695,9971.71,70,1004.34,12,172.17,1,14.35
53033023900,7323.935001,5306,72447.39,13644,186293.3,836,11414.63,793,10827.51,43,587.12,17,232.12,2,27.31
53033024000,8004.751001,6009,75067.92,13290,166026.4,928,11593.12,860,10743.62,68,849.5,25,312.31,4,49.97
53033024100,4505.000001,3582,79511.65,9370,207991.12,508,11276.36,473,10499.45,35,776.91,8,177.58,3,66.59
53033024200,3283.188,2327,70876.23,6094,185612.28,298,9076.54,283,8619.67,15,456.87,2,60.92,0,0
53033024300,8447.138003,6635,78547.31,17943,212415.14,862,10204.64,787,9316.77,75,887.87,22,260.44,5,59.19
53033024400,3325.615001,2292,68919.58,7865,236497.61,314,9441.86,291,8750.26,23,691.6,6,180.42,1,30.07
53033024500,4652.477001,4533,97431.97,12056,259130.78,539,11585.23,481,10338.58,58,1246.65,15,322.41,6,128.96
53033024601,4515.346001,3665,81167.64,9964,220669.69,462,10231.77,418,9257.32,44,974.45,6,132.88,1,22.15
53033024602,3749.424001,2999,79985.62,8282,220887.26,384,10241.57,338,9014.72,46,1226.86,2,53.34,1,26.67
53033024701,3838.705,2579,67184.12,5751,149816.15,446,11618.5,423,11019.34,23,599.16,10,260.5,1,26.05
53033024702,7881.714001,5213,66140.44,12698,161107.09,986,12509.97,919,11659.9,67,850.07,22,279.13,4,50.75
53033024800,6273.264,3900,62168.59,8425,134300.1,678,10807.77,655,10441.14,23,366.64,22,350.69,6,95.64
53033024901,5284.691001,3643,68934.97,8303,157114.2,445,8420.55,431,8155.63,14,264.92,8,151.38,2,37.85
53033024902,4072.038,2640,64832.4,6089,149532,423,10387.92,405,9945.88,18,442.04,8,196.46,1,24.56
53033024903,7263.887,4576,62996.57,10653,146657.02,538,7406.5,514,7076.1,24,330.4,5,68.83,1,13.77
53033025001,5425.294001,3759,69286.57,8842,162977.34,546,10063.97,514,9474.14,32,589.83,10,184.32,3,55.3
53033025003,7252.528,5004,68996.63,11693,161226.54,720,9927.57,667,9196.79,53,730.78,11,151.67,2,27.58
53033025005,6056.74,4170,68848.92,9722,160515.39,570,9411,540,8915.69,30,495.32,9,148.59,2,33.02
53033025006,6642.793001,4555,68570.55,10728,161498.33,559,8415.14,516,7767.82,43,647.32,11,165.59,3,45.16
53033025101,6266.496999,3899,62219.77,8606,137333.51,936,14936.57,856,13659.94,80,1276.63,24,382.99,2,31.92
53033025102,8781.062999,6263,71323.94,14354,163465.4,1448,16490.03,1313,14952.63,135,1537.4,33,375.81,4,45.55
53033025200,8688.915,6275,72218.45,14582,167823.03,1670,19219.89,1530,17608.64,140,1611.25,55,632.99,10,115.09
53033025301,7025.062,5590,79572.25,13404,190802.59,1258,17907.32,1160,16512.31,98,1395.01,23,327.4,0,0
53033025302,5281.152001,4853,91892.83,12713,240723.99,836,15829.88,786,14883.12,50,946.76,49,927.83,12,227.22
53033025400,8255.092999,5009,60677.69,11285,136703.49,1542,18679.38,1433,17358.98,109,1320.4,48,581.46,6,72.68
53033025500,5171.309999,3446,66636.89,7750,149865.31,1051,20323.67,947,18312.57,104,2011.1,32,618.8,8,154.7
53033025601,5491.019,4781,87069.45,10284,187287.64,984,17920.17,917,16700,67,1220.17,25,455.29,2,36.42
53033025602,6491.556,4593,70753.45,10739,165430.29,1106,17037.52,944,14541.97,162,2495.55,14,215.66,5,77.02
53033025701,6447.585001,4287,66490.01,10362,160711.34,1065,16517.81,986,15292.55,79,1225.26,41,635.9,10,155.1
53033025702,3664.701,2668,72802.67,6335,172865.4,667,18200.67,617,16836.3,50,1364.37,18,491.17,5,136.44
53033025803,5085.971,3446,67755.01,7693,151259.22,1098,21588.8,1027,20192.8,71,1396,41,806.14,5,98.31
53033025804,3842.73,2678,69690.04,6070,157960.62,775,20167.95,713,18554.52,62,1613.44,26,676.6,5,130.12
53033025805,5304.800999,3792,71482.42,8643,162927.88,943,17776.35,896,16890.36,47,885.99,38,716.33,6,113.11
53033025806,5371.608,3959,73702.33,8910,165872.12,1103,20533.89,1047,19491.37,56,1042.52,32,595.72,11,204.78
53033026001,5904.245,4391,74370.22,11722,198535.12,956,16191.74,890,15073.9,66,1117.84,33,558.92,4,67.75
53033026002,8288.576999,5438,65608.37,13127,158374.59,1386,16721.81,1308,15780.75,78,941.05,56,675.63,17,205.1
53033026100,7733.4,5301,68546.82,13060,168877.85,1612,20844.65,1525,19719.66,87,1124.99,53,685.34,10,129.31
53033026200,5900.549999,6327,107227.29,17937,303988.61,1344,22777.54,1308,22167.43,36,610.11,41,694.85,6,101.69
53033026300,1966.05,1249,63528.39,3073,156303.25,370,18819.46,357,18158.24,13,661.22,9,457.77,2,101.73
53033026400,6059.537999,3982,65714.58,10028,165491.16,1217,20084.04,1095,18070.68,122,2013.35,49,808.64,9,148.53
53033026500,4302.424,3205,74492.89,7714,179294.28,984,22870.83,925,21499.51,59,1371.32,43,999.44,9,209.18
53033026600,2556.593,1780,69623.91,4531,177228.05,432,16897.49,411,16076.08,21,821.41,18,704.06,2,78.23
53033026700,5836.522001,4038,69185.04,9670,165680.86,977,16739.42,917,15711.41,60,1028.01,29,496.87,2,34.27
53033026801,5994.829999,4175,69643.34,10079,168128.2,1275,21268.33,1195,19933.84,80,1334.48,53,884.1,12,200.17
53033026802,6178.429,4187,67768.04,9996,161788.7,1245,20150.75,1172,18969.22,73,1181.53,43,695.97,10,161.85
53033027000,3666.665999,2336,63709.1,5696,155345.48,684,18654.55,643,17536.37,41,1118.18,30,818.18,5,136.36
53033027100,3797.728,2546,67040.08,5974,157304.58,829,21828.84,794,20907.24,35,921.6,46,1211.25,10,263.32
53033027200,2773.719,2095,75530.36,5047,181957.87,669,24119.24,651,23470.29,18,648.95,28,1009.48,3,108.16
53033027300,6780.484999,4698,69287.08,10959,161625.61,1568,23125.19,1516,22358.28,52,766.91,30,442.45,6,88.49
53033027400,5798.182,3910,67434.93,9073,156480.08,1268,21868.92,1196,20627.16,72,1241.77,45,776.11,3,51.74
53033027500,4991.83,3248,65066.32,7611,152469.13,900,18029.46,832,16667.23,68,1362.23,48,961.57,17,340.56
53033027600,5153.729,2855,55396.78,6339,122998.32,757,14688.39,665,12903.28,92,1785.12,26,504.49,3,58.21
53033027701,5771.554002,4048,70137.09,9232,159956.92,278,4816.73,225,3898.43,53,918.3,6,103.96,3,51.98
53033027702,5078.916001,2763,54401.37,5983,117800.73,272,5355.47,217,4272.57,55,1082.91,3,59.07,1,19.69
53033027800,3466.154001,2513,72501.11,6136,177026.18,418,12059.48,389,11222.81,29,836.66,14,403.91,3,86.55
53033027900,7451.380001,5853,78549.21,14767,198178.06,1183,15876.25,1117,14990.51,66,885.74,68,912.58,9,120.78
53033028000,3660.751,2373,64822.76,5449,148849.24,784,21416.37,741,20241.75,43,1174.62,27,737.55,5,136.58
53033028100,2602.077999,1907,73287.58,4299,165214.11,690,26517.27,670,25748.65,20,768.62,39,1498.8,7,269.02
53033028200,5131.587999,3596,70075.77,8648,168524.83,1177,22936.37,1137,22156.88,40,779.49,41,798.97,5,97.44
53033028300,5285.656,4374,82752.26,10483,198329.21,1286,24330,1241,23478.64,45,851.36,53,1002.71,10,189.19
53033028402,5406.371999,4792,88636.15,9721,179806.35,1313,24286.16,1278,23638.77,35,647.38,52,961.83,4,73.99
53033028403,5809.281,4432,76291.71,9137,157282.8,1168,20105.76,1120,19279.49,48,826.26,65,1118.9,11,189.35
53033028500,4355.44,6735,154634.2,11345,260478.85,889,20411.26,835,19171.43,54,1239.83,34,780.63,5,114.8
53033028600,6514.620002,4898,75184.74,12283,188545.15,880,13508.08,825,12663.82,55,844.25,22,337.7,4,61.4
53033028700,5380.054001,3834,71263.23,8966,166652.6,980,18215.43,916,17025.85,64,1189.58,30,557.62,7,130.11
53033028801,3063.775001,4173,136204.52,9497,309977.07,600,19583.68,561,18310.74,39,1272.94,21,685.43,8,261.12
53033028802,6536.653999,4710,72055.21,10498,160602.05,1387,21218.81,1342,20530.38,45,688.43,63,963.8,9,137.69
53033028901,4004.338001,3067,76591.94,7210,180054.73,634,15832.83,608,15183.53,26,649.3,26,649.3,5,124.86
53033028902,6545.107999,5065,77386.04,16059,245358.82,1810,27654.24,1701,25988.88,109,1665.37,81,1237.57,12,183.34
53033029001,4641.569002,3193,68791.39,8114,174811.58,766,16503.04,716,15425.82,50,1077.22,24,517.07,7,150.81
53033029003,6157.442999,4453,72318.98,11791,191491.83,1480,24035.95,1401,22752.95,79,1283,74,1201.8,16,259.85
53033029004,3886.368999,2667,68624.47,5368,138123.79,1039,26734.47,976,25113.42,63,1621.05,40,1029.24,7,180.12
53033029101,3780.147,2674,70737.99,6190,163750.25,664,17565.45,629,16639.56,35,925.89,32,846.53,5,132.27
53033029102,4505.498,3302,73288.24,7190,159582.8,1101,24436.81,1035,22971.93,66,1464.88,47,1043.17,11,244.15
53033029203,4871.089,2815,57789.95,6576,135000.61,968,19872.35,894,18353.19,74,1519.17,39,800.64,4,82.12
53033029204,7124.089999,5121,71882.87,10941,153577.51,1562,21925.61,1495,20985.14,67,940.47,60,842.21,7,98.26
53033029205,4827.145999,3953,81891.04,8020,166143.72,1032,21379.09,994,20591.88,38,787.21,29,600.77,4,82.86
53033029206,4126.651,3046,73812.88,6510,157755.04,944,22875.69,898,21760.99,46,1114.71,54,1308.57,13,315.03
53033029303,8455.292,8043,95123.86,16546,195688.1,1479,17492,1384,16368.45,95,1123.56,41,484.9,12,141.92
53033029304,5555.288999,3826,68871.3,8800,158407.6,915,16470.79,852,15336.74,63,1134.05,24,432.02,6,108.01
53033029305,4474.679001,3182,71111.25,7154,159877.39,860,19219.26,843,18839.34,17,379.92,40,893.92,10,223.48
53033029306,4042.977,2912,72026.13,6837,169108.06,757,18723.83,722,17858.13,35,865.7,16,395.75,0,0
53033029307,4109.701,2604,63362.27,5823,141689.14,653,15889.23,623,15159.25,30,729.98,23,559.65,4,97.33
53033029403,5917.390999,4112,69490.08,8786,148477.6,1154,19501.84,1116,18859.66,38,642.17,41,692.87,10,168.99
53033029405,6128.064,4316,70430.07,9735,158859.31,1238,20202.14,1182,19288.31,56,913.83,31,505.87,4,65.27
53033029406,5182.969999,3498,67490.26,7350,141810.58,969,18695.84,930,17943.38,39,752.46,30,578.82,3,57.88
53033029407,5137.776,3896,75830.48,8807,171416.58,1183,23025.53,1140,22188.59,43,836.94,58,1128.89,17,330.88
53033029408,4517.101,2826,62562.25,5948,131677.37,913,20212.08,871,19282.28,42,929.8,45,996.21,8,177.1
53033029502,7543.555999,5267,69821.18,10758,142611.79,1607,21302.95,1510,20017.08,97,1285.87,64,848.41,6,79.54
53033029503,8276.401999,5235,63252.12,11226,135638.65,1700,20540.33,1619,19561.64,81,978.69,76,918.27,18,217.49
53033029504,5833.899999,4282,73398.58,9145,156756.2,1394,23894.82,1334,22866.35,60,1028.47,58,994.19,19,325.68
53033029601,7513.636999,5167,68768.29,10488,139586.2,1755,23357.53,1668,22199.64,87,1157.89,64,851.78,9,119.78
53033029602,7035.956,5103,72527.46,10577,150327.83,1689,24005.27,1609,22868.25,80,1137.02,49,696.42,6,85.28
53033029700,7988.272001,6662,83397.26,14437,180727.45,1702,21306.23,1603,20066.92,99,1239.32,62,776.14,12,150.22
53033029801,8180.063,5515,67420.02,11788,144106.47,1819,22236.99,1698,20757.79,121,1479.21,67,819.06,11,134.47
53033029802,9805.566,6424,65513.81,13785,140583.42,2005,20447.57,1840,18764.85,165,1682.72,67,683.29,15,152.97
53033029901,5035.15,3408,67684.18,6705,133163.86,1289,25600.03,1168,23196.93,121,2403.11,46,913.58,5,99.3
53033029902,5397.945001,3701,68563.13,7846,145351.61,1030,19081.34,934,17302.88,96,1778.45,43,796.6,6,111.15
53033030003,6426.072,4533,70540.76,10099,157156.66,1484,23093.42,1407,21895.18,77,1198.24,61,949.26,10,155.62
53033030004,8586.868998,5517,64249.26,11703,136289.49,1939,22580.99,1867,21742.5,72,838.49,102,1187.86,9,104.81
53033030005,5916.398999,4118,69603.15,8226,139037.28,1561,26384.29,1460,24677.17,101,1707.12,60,1014.13,5,84.51
53033030006,4189.667,3766,89887.81,7771,185480.13,815,19452.62,764,18235.34,51,1217.28,50,1193.41,11,262.55
53033030100,7788.120001,5133,65908.08,11422,146659.27,1307,16781.97,1179,15138.44,128,1643.53,43,552.12,4,51.36
53033030201,5843.807999,3667,62750.18,8082,138300.23,1237,21167.7,1146,19610.5,91,1557.2,53,906.94,10,171.12
53033030202,7487.691,5491,73333.69,11941,159475.06,2000,26710.5,1829,24426.76,171,2283.75,114,1522.5,24,320.53
53033030304,3875.616,3013,77742.48,6401,165160.84,1024,26421.61,957,24692.85,67,1728.76,34,877.28,1,25.8
53033030305,5214.162001,3367,64574.13,7283,139677.29,991,19005.93,916,17567.54,75,1438.39,48,920.57,6,115.07
53033030306,5968.736,4048,67820.05,8828,147904.01,1189,19920.47,1087,18211.56,102,1708.9,43,720.42,4,67.02
53033030308,6584.311999,5115,77684.65,11264,171073.3,1524,23145.93,1436,21809.42,88,1336.51,47,713.82,3,45.56
53033030309,6063.357,4001,65986.55,8603,141885.1,1236,20384.75,1153,19015.87,83,1368.88,45,742.16,4,65.97
53033030310,6445.783,4770,74001.87,10540,163517.76,1360,21099.07,1277,19811.4,83,1287.66,47,729.16,16,248.22
53033030311,5267.273,3616,68650.32,7864,149299.27,1284,24376.94,1190,22592.34,94,1784.6,45,854.33,8,151.88
53033030312,5064.215,3534,69783.77,7723,152501.42,1244,24564.52,1175,23202.02,69,1362.5,55,1086.05,10,197.46
53033030313,4261.081001,3192,74910.57,7379,173172.02,1028,24125.33,979,22975.39,49,1149.94,66,1548.9,33,774.45
53033030314,4889.01,2989,61137.12,6818,139455.64,940,19226.8,863,17651.84,77,1574.96,54,1104.52,14,286.36
53033030401,9388.800999,6090,64864.51,12655,134788.24,1929,20545.75,1777,18926.8,152,1618.95,76,809.48,10,106.51
53033030403,4697.647,2945,62690.96,6597,140432.01,877,18668.92,818,17412.97,59,1255.95,43,915.35,7,149.01
53033030404,5059.968001,3130,61858.1,6352,125534.39,905,17885.49,818,16166.11,87,1719.38,30,592.89,7,138.34
53033030501,2676.377001,2207,82462.22,5135,191863.85,689,25743.76,678,25332.75,11,411,52,1942.93,17,635.19
53033030503,5308.074,4622,87074.9,10114,190539.92,1813,34155.51,1733,32648.38,80,1507.14,94,1770.89,28,527.5
53033030504,4750.202001,3041,64018.33,6471,136225.79,1142,24041.08,1086,22862.19,56,1178.9,42,884.17,5,105.26
53033030600,5459.684,4879,89364.15,10333,189260.04,1418,25972.2,1341,24561.86,77,1410.34,57,1044.02,14,256.43
53033030700,3971.601,2982,75083.07,6313,158953.53,1117,28124.68,1080,27193.06,37,931.61,80,2014.3,18,453.22
53033030801,7213.698,7951,110220.86,16283,225723.34,2037,28237.94,1999,27711.17,38,526.78,88,1219.9,27,374.29
53033030802,4194.212,3110,74149.8,6503,155047,1068,25463.66,1024,24414.6,44,1049.06,55,1311.33,12,286.11
53033030901,3814.222,2766,72518.07,5435,142493.02,957,25090.31,915,23989.16,42,1101.14,37,970.05,6,157.31
53033030902,5998.761999,4116,68614.16,8344,139095.37,1522,25371.9,1457,24288.34,65,1083.56,56,933.53,11,183.37
53033031000,4528.911,3106,68581.61,6496,143434.04,948,20932.18,899,19850.25,49,1081.94,25,552.01,4,88.32
53033031100,7084.771,4978,70263.39,10166,143490.88,1853,26154.69,1772,25011.39,81,1143.3,107,1510.28,19,268.18
53033031202,6831.869,4907,71825.15,10633,155638.23,1617,23668.49,1526,22336.49,91,1331.99,74,1083.16,9,131.74
53033031204,6490.000001,3617,55731.9,7191,110801.23,1060,16332.82,933,14375.96,127,1956.86,42,647.15,4,61.63
53033031205,8435.302999,6189,73370.22,12384,146811.56,1995,23650.6,1887,22370.27,108,1280.33,86,1019.52,11,130.4
53033031206,5230.698,2936,56130.18,5907,112929.48,982,18773.79,907,17339.94,75,1433.84,45,860.31,8,152.94
53033031301,2676.372,1555,58101.04,3328,124347.44,510,19055.65,482,18009.45,28,1046.19,11,411,2,74.73
53033031302,4934.464,3745,75894.77,7456,151100.5,997,20204.83,949,19232.08,48,972.75,26,526.91,2,40.53
53033031400,6114.604001,5763,94249.77,13561,221780.51,1440,23550.18,1362,22274.54,78,1275.63,71,1161.15,30,490.63
53033031501,4158.572001,2293,55139.12,4603,110687.03,515,12384.06,479,11518.38,36,865.68,13,312.61,6,144.28
53033031502,4660.666001,2771,59455.02,6354,136332.45,915,19632.39,852,18280.65,63,1351.74,26,557.86,4,85.82
53033031601,5660.094,3191,56377.16,6344,112082.94,786,13886.7,717,12667.63,69,1219.06,34,600.7,7,123.67
53033031603,6950.55,4824,69404.58,9926,142808.84,1065,15322.53,999,14372.96,66,949.57,17,244.58,2,28.77
53033031604,5633.934,3951,70128.62,8067,143185.92,1020,18104.58,959,17021.85,61,1082.72,18,319.49,0,0
53033031605,4108.070001,2256,54916.3,4650,113191.84,569,13850.79,527,12828.41,42,1022.38,7,170.4,2,48.68
53033031703,7423.781002,4947,66637.2,10731,144548.98,1273,17147.6,1203,16204.68,70,942.92,49,660.04,8,107.76
53033031704,6171.131,4165,67491.68,9788,158609.5,1381,22378.39,1316,21325.1,65,1053.29,55,891.25,16,259.27
53033031705,4126.550999,2676,64848.34,5759,139559.65,797,19313.95,747,18102.28,50,1211.67,27,654.3,4,96.93
53033031706,7776.814999,5186,66685.4,10829,139247.24,1554,19982.47,1464,18825.19,90,1157.29,51,655.8,6,77.15
53033031800,5121.253,3318,64788.83,7005,136782.93,868,16948.98,817,15953.13,51,995.85,29,566.27,5,97.63
53033031903,7458.596001,4882,65454.68,10295,138028.66,1260,16893.26,1180,15820.67,80,1072.59,27,362,6,80.44
53033031904,3561.049,2217,62256.94,4855,136336.23,440,12355.91,402,11288.81,38,1067.1,12,336.98,1,28.08
53033031906,4264.804001,2853,66896.39,6232,146126.29,596,13974.85,582,13646.58,14,328.27,8,187.58,3,70.34
53033031907,7887.337,5131,65053.64,11879,150608.5,1114,14123.91,1060,13439.26,54,684.64,29,367.68,7,88.75
53033031908,4456.082,2981,66897.33,7089,159085.94,635,14250.19,608,13644.27,27,605.91,18,403.94,4,89.76
53033031909,3050.136,2065,67701.9,4877,159894.51,467,15310.79,446,14622.3,21,688.49,16,524.57,3,98.36
53033032002,3143.272,1852,58919.5,3855,122642.9,480,15270.71,462,14698.06,18,572.65,19,604.47,4,127.26
53033032003,5174.091001,3997,77250.28,8430,162927.17,906,17510.32,844,16312.04,62,1198.28,26,502.5,5,96.64
53033032005,6952.574999,4329,62264.7,8609,123824.63,1420,20424.09,1336,19215.9,84,1208.19,55,791.07,4,57.53
53033032006,5173.177001,3455,66786.81,6856,132529.78,912,17629.4,847,16372.92,65,1256.48,30,579.91,4,77.32
53033032007,4105.279,2603,63406.17,5395,131416.16,656,15979.43,614,14956.35,42,1023.07,16,389.74,4,97.44
53033032008,4373.093,2887,66017.35,5920,135373.29,775,17722.01,729,16670.12,46,1051.89,15,343.01,3,68.6
53033032010,6166.158001,4584,74341.27,9882,160261.87,1227,19898.94,1149,18633.97,78,1264.97,27,437.87,4,64.87
53033032011,4988.07,3677,73715.89,7508,150519.14,934,18724.68,868,17401.52,66,1323.16,14,280.67,2,40.1
53033032102,4902.376001,2706,55197.72,5751,117310.46,388,7914.53,357,7282.18,31,632.35,17,346.77,2,40.8
53033032103,5995.540001,4745,79142.16,11178,186438.59,634,10574.53,582,9707.22,52,867.31,15,250.19,4,66.72
53033032104,6301.151001,4386,69606.33,9904,157177.63,864,13711.78,816,12950.02,48,761.77,49,777.64,28,444.36
53033032203,8344.615,5613,67264.94,11683,140006.46,767,9191.56,713,8544.43,54,647.12,14,167.77,7,83.89
53033032207,3754.492001,2587,68904.13,5321,141723.57,385,10254.38,360,9588.51,25,665.87,7,186.44,1,26.63
53033032208,9596.481003,6252,65148.88,16815,175220.48,853,8888.67,804,8378.07,49,510.6,39,406.4,20,208.41
53033032210,15193.886,9313,61294.39,20082,132171.59,1416,9319.54,1295,8523.17,121,796.37,24,157.96,17,111.89
53033032211,5035.681,3372,66962.14,7030,139603.76,588,11676.67,550,10922.06,38,754.61,7,139.01,0,0
53033032212,8412.289,5103,60661.25,10603,126041.79,840,9985.39,771,9165.16,69,820.23,9,106.99,0,0
53033032213,4749.056001,2974,62622.97,6766,142470.42,494,10402.07,456,9601.91,38,800.16,6,126.34,0,0
53033032214,7481.975,4655,62216.19,9283,124071.52,638,8527.16,592,7912.35,46,614.81,11,147.02,4,53.46
53033032215,5663.662,3506,61903.41,7093,125236.99,486,8581.02,452,7980.7,34,600.32,1,17.66,0,0
53033032307,6741.467001,3763,55818.71,7486,111044.08,642,9523.15,564,8366.13,78,1157.02,14,207.67,0,0
53033032309,11058.694,11407,103149.61,20417,184623.97,1003,9069.79,951,8599.57,52,470.22,38,343.62,23,207.98
53033032311,6243.502001,3318,53143.25,6755,108192.49,505,8088.41,457,7319.61,48,768.8,15,240.25,3,48.05
53033032313,6273.529999,4106,65449.6,7928,126372.23,551,8782.93,526,8384.43,25,398.5,8,127.52,0,0
53033032315,5624.950001,3169,56338.28,6590,117156.6,499,8871.19,452,8035.63,47,835.56,8,142.22,2,35.56
53033032316,5794.028,4204,72557.47,8898,153571.92,538,9285.42,513,8853.94,25,431.48,12,207.11,1,17.26
53033032317,6375.339001,4044,63431.92,8085,126816.79,539,8454.45,509,7983.89,30,470.56,10,156.85,2,31.37
53033032318,6614.815,4230,63947.37,8368,126503.92,600,9070.55,562,8496.08,38,574.47,4,60.47,0,0
53033032319,5742.483001,4274,74427.73,8295,144449.71,675,11754.5,623,10848.97,52,905.53,18,313.45,4,69.66
53033032320,4586.535,2752,60001.72,5660,123404.71,505,11010.49,444,9680.51,61,1329.98,17,370.65,4,87.21
53033032321,7323.465,4766,65078.48,9858,134608.41,612,8356.7,565,7714.93,47,641.77,8,109.24,1,13.65
53033032322,3514.253001,2161,61492.44,4540,129188.19,267,7597.63,255,7256.17,12,341.47,2,56.91,0,0
53033032323,6363.171001,4070,63961.82,8701,136740,666,10466.48,618,9712.14,48,754.34,20,314.31,15,235.73
53033032324,5604.347,3365,60042.68,6679,119175.35,546,9742.44,518,9242.83,28,499.61,19,339.02,2,35.69
53033032325,6193.001999,3779,61020.49,7703,124382.33,580,9365.41,553,8929.43,27,435.98,14,226.06,3,48.44
53033032326,3878.571,2381,61388.59,4970,128139.98,395,10184.16,374,9642.73,21,541.44,16,412.52,1,25.78
53033032327,4582.295002,2748,59969.95,5946,129760.31,515,11238.91,489,10671.51,26,567.4,17,370.99,6,130.94
53033032328,3388.557,1950,57546.62,4014,118457.5,271,7997.5,250,7377.77,21,619.73,6,177.07,0,0
53033032329,8899.664999,5674,63755.21,11169,125499.11,912,10247.58,863,9696.99,49,550.58,21,235.96,4,44.95
53033032401,6700.666001,3968,59217.99,7349,109675.67,564,8417.07,446,6656.05,118,1761.02,9,134.32,1,14.92
53033032402,6892.63,3605,52302.24,7177,104125.71,723,10489.46,588,8530.85,135,1958.61,11,159.59,1,14.51
53033032500,6068.556001,3191,52582.53,6139,101160.8,494,8140.32,406,6690.22,88,1450.1,13,214.22,2,32.96
53033032601,2970.402,1728,58173.94,3492,117559.85,280,9426.33,229,7709.39,51,1716.94,7,235.66,1,33.67
53033032602,14276.257,8250,57788.26,16687,116886.38,1537,10766.13,1251,8762.8,286,2003.33,24,168.11,1,7
53033032702,6953.855,3472,49929.14,7446,107077.3,750,10785.38,573,8240.03,177,2545.35,18,258.85,5,71.9
53033032703,1938.118,1333,68778.06,2657,137091.76,175,9029.38,132,6810.73,43,2218.65,4,206.39,1,51.6
53033032704,7619.806001,4678,61392.64,10498,137772.54,866,11365.12,699,9173.46,167,2191.66,21,275.6,18,236.23
53033032800,2998.828001,1430,47685.3,2849,95003.78,224,7469.58,174,5802.27,50,1667.32,6,200.08,3,100.04
